1,"90年代アニメスタイル・おかっぱ・黒髪",E:/Pictures/Stable Diffusion/txt2img-images/2025-12-09/00000-3695837485.png,1,1,"",1,"90s anime style,elementary schoolgirl,black hair,brown eyes,bob cut ","",90s_anime,0,"",2025-12-08
2,"90年代アニメスタイル・おかっぱ・マルーン髪",E:/Pictures/Stable Diffusion/txt2img-images/2025-12-09/00001-2260161838.png,1,1,"",1,"90s anime style,elementary schoolgirl,maroon hair,gray eyes,bob cut ","",90s_anime,0,"",2025-12-08
3,"90年代アニメスタイル・ツインテール",E:/Pictures/Stable Diffusion/txt2img-images/2025-12-09/00003-2693344455.png,1,1,"",1,"90s anime style,elementary schoolgirl,brown hair,darkred eyes,twintail","",90s_anime,0,"",2025-12-09
4,"90年代アニメスタイル・ツインテール",E:/Pictures/Stable Diffusion/txt2img-images/2025-12-09/00004-423860704.png,1,1,"",1,"90s anime style,elementary schoolgirl,black hair,silver eyes,twintail","",90s_anime,0,"",2025-12-09
5,"90年代アニメスタイル・青い髪",E:/Pictures/Stable Diffusion/txt2img-images/2025-12-09/00005-1772825108.png,1,1,"",1,"90s anime style,elementary schoolgirl,darkblue hair,yellow eyes,medium straight hair","",90s_anime,0,"",2025-12-09
6,"90年代アニメスタイル・焦茶髪・ポニーテール",E:/Pictures/Stable Diffusion/txt2img-images/2025-12-09/00006-2418237587.png,1,1,"",1,"90s anime style,elementary schoolgirl,darkbrown hair,dim gray eyes,ponytail","",90s_anime,0,"",2025-12-09
7,"90年代アニメスタイル・黒髪・ポニーテール",E:/Pictures/Stable Diffusion/txt2img-images/2025-12-09/00007-652882956.png,1,1,"",1,"90s anime style,elementary schoolgirl,black long hair,dim gray eyes,ponytail","",90s_anime,0,"",2025-12-09
8,"黒髪・ポニーテール",E:/Pictures/Stable Diffusion/txt2img-images/2025-12-09/00009-312117483.png,1,2,"",2,"90s anime style,elementary schoolgirl,black long hair,dim gray eyes,ponytail","",90s_anime,0,"",2025-12-09
9,"黒髪・ショートカット",E:/Pictures/Stable Diffusion/txt2img-images/2025-12-09/00010-1277639139.png,1,2,"",2,"90s anime style,elementary schoolgirl,black short hair,dim gray eyes","",90s_anime,0,"",2025-12-09
10,"黒髪・ロングヘア",E:/Pictures/Stable Diffusion/txt2img-images/2025-12-09/00011-4209026379.png,1,2,"",2,"90s anime style,elementary schoolgirl,black long hair,brown eyes","",90s_anime,0,"",2025-12-09
11,"黒髪・ロングヘア (2)",E:/Pictures/Stable Diffusion/txt2img-images/2025-12-09/00012-2890006273.png,1,2,"",2,"90s anime style,elementary schoolgirl,black long hair,brown eyes","",90s_anime,0,"",2025-12-09
12,"ロングヘア・黒髪",E:/Pictures/Stable Diffusion/txt2img-images/2025-12-09/00014-2457810058.png,1,3,"",4,"90s anime style,elementary schoolgirl,black long hair,brown eyes","",90s_anime,0,"",2025-12-09
13,"ショートヘア・黒髪",E:/Pictures/Stable Diffusion/txt2img-images/2025-12-09/00015-3642358062.png,1,3,"",4,"schoolgirl,black short hair,brown eyes","",90s_anime,0,"",2025-12-09
14,"ポニーテール・黒髪",E:/Pictures/Stable Diffusion/txt2img-images/2025-12-09/00016-290342123.png,1,3,"",4,"schoolgirl,black short hair,brown eyes,ponytail","",90s_anime,0,"",2025-12-09
15,"ポニーテール・黒髪",E:/Pictures/Stable Diffusion/txt2img-images/2025-12-09/00017-647398229.png,1,4,"",4,"schoolgirl,black short hair,brown eyes,ponytail","",90s_anime,0,"",2025-12-09
16,"ツインテール・黒髪",E:/Pictures/Stable Diffusion/txt2img-images/2025-12-09/00018-1864684107.png,1,4,"",4,"schoolgirl,black short hair,brown eyes,twintail","",90s_anime,0,"",2025-12-09
17,"wavy 黒髪",E:/Pictures/Stable Diffusion/txt2img-images/2025-12-09/00019-1778694134.png,1,4,"",4,"schoolgirl,black wavy hair,brown eyes","",90s_anime,0,"",2025-12-09
18,"wavy ピンク髪",E:/Pictures/Stable Diffusion/txt2img-images/2025-12-09/00020-755731921.png,1,4,"",4,"schoolgirl,black wavy pink hair,gray eyes","",90s_anime,0,"",2025-12-09
19,"wavy ピンク髪",E:/Pictures/Stable Diffusion/txt2img-images/2025-12-09/00021-2621189620.png,1,4,4,4,"schoolgirl,black wavy pink hair,gray eyes","",90s_anime,0,"",2025-12-09
20,"wavy 黒髪",E:/Pictures/Stable Diffusion/txt2img-images/2025-12-09/00022-1766136431.png,1,5,4,4,"schoolgirl,black wavy pink hair,gray eyes","",90s_anime,0,"",2025-12-09
21,"ショート 黒髪",E:/Pictures/Stable Diffusion/txt2img-images/2025-12-09/00023-3705732208.png,1,5,4,4,"schoolgirl,black short hair,yellow eyes","",90s_anime,0,"",2025-12-09
22,"ショート 赤髪",E:/Pictures/Stable Diffusion/txt2img-images/2025-12-09/00024-898240657.png,1,5,4,4,"schoolgirl,red short hair,blue eyes","",90s_anime,0,"",2025-12-09
23,"リアル系 赤髪",E:/Pictures/Stable Diffusion/txt2img-images/2025-12-09/00025-3570496751.png,1,6,4,4,"schoolgirl,dark red short hair,dark eyes","",90s_anime,0,"",2025-12-09
24,"ショート 茶髪",E:/Pictures/Stable Diffusion/txt2img-images/2025-12-09/00026-2663067552.png,1,6,4,4,"anime style,schoolgirl,dark dark short hair,brown eyes","",90s_anime,0,"",2025-12-09
25,"Himawari ショートカット、セイラー服",E:/Pictures/Stable Diffusion/txt2img-images/2025-12-14/00000-1239037597.png,1,4,"","","a schoolgirl,smile,short hair,black hair,gray eyes,sailor uniform","",Himawari,0,"",2025-12-14
26,"Himawari ロングヘア、セイラー服",E:/Pictures/Stable Diffusion/txt2img-images/2025-12-14/00001-2946085834.png,1,4,"","","a schoolgirl,smile,long hair,black hair,gray eyes,sailor uniform","",Himawari,0,"",2025-12-14
27,"Himawari ツインテール、セイラー服",E:/Pictures/Stable Diffusion/txt2img-images/2025-12-14/00002-3088366536.png,1,4,"","","a schoolgirl,smile,medium hair,darkbrown hair,gray eyes,sailor uniform.twintail","",Himawari,0,"",2025-12-14
28,"Himawari ポニーテール、セイラー服",E:/Pictures/Stable Diffusion/txt2img-images/2025-12-14/00003-3622313956.png,1,4,"","","a schoolgirl,smile,medium hair,darkbrown hair,gray eyes,sailor uniform.ponytail","",Himawari,0,"",2025-12-14
29,"Himawari ポニーテール、セイラー服",E:/Pictures/Stable Diffusion/txt2img-images/2025-12-14/00004-2004840413.png,1,4,"","","a schoolgirl,smile,medium hair,darkbrown hair,gray eyes,sailor uniform.ponytail, forehead","",Himawari,0,"でこ出し",2025-12-14
30,"Himawari ポニーテール、セイラー服",E:/Pictures/Stable Diffusion/txt2img-images/2025-12-14/00005-1507392145.png,1,4,"","","a schoolgirl,smile,short hair,black hair,brown eyes,sailor uniform.ponytail, forehead,tear mole","",Himawari,0,"でこ出し ショートヘア",2025-12-14
31,"Himawari おかっぱ、セイラー服",E:/Pictures/Stable Diffusion/txt2img-images/2025-12-14/00006-2753005848.png,1,4,"","","a schoolgirl,smile,short hair,black hair,brown eyes,casual wear.bob cut, forehead,tear mole","",Himawari,0,"おかっぱ",2025-12-14
32,"Himawari おかっぱ 私服",E:/Pictures/Stable Diffusion/txt2img-images/2025-12-14/00007-1364229539.png,1,4,"","","a young girl,smile,maroon hair,brown eyes,casual wear.bob cut","",Himawari,0,"おかっぱ",2025-12-14
33,"Himawari おかっぱ 私服",E:/Pictures/Stable Diffusion/txt2img-images/2025-12-14/00008-3315382681.png,1,4,"","","a young girl,smile,maroon hair,gray eyes,casual wear.bob cut","",Himawari,0,"おかっぱ",2025-12-14
34,"Himawari ポニーテール 私服",E:/Pictures/Stable Diffusion/txt2img-images/2025-12-14/00009-1675537799.png,1,4,"","","a young girl,smile,darkblue hair,gray eyes,casual wear.ponytail","",Himawari,0,"",2025-12-14
35,"裸の女の子、黒髪ロング",E:/Pictures/Stable Diffusion/txt2img-images/2025-12-19/00002-3609000483.png,1,1,"",1,"one naked girl,blackhair,brown eyes,long wavy hair,smile","two or more persons",Stable_diffusion,0,"少女",2025-12-19
36,"裸の女の子、ポニーテール",E:/Pictures/Stable Diffusion/txt2img-images/2025-12-19/00005-4053875576.png,1,1,"",1,"one naked girl,darkred hair,gray eyes,ponytail,smile","two or more persons",Stable_diffusion,0,"少女",2025-12-19
37,"裸の女の子、ポニーテール",E:/Pictures/Stable Diffusion/txt2img-images/2025-12-19/00006-2419414745.png,1,1,"",1,"one naked girl,dimgray hair,teal eyes,ponytail,smile","two or more persons",Stable_diffusion,0,"少女",2025-12-19
38,"裸の女の子、赤毛ロング",E:/Pictures/Stable Diffusion/txt2img-images/2025-12-19/00007-4196597774.png,1,1,"",1,"one naked girl,long maroon hair,drooping light eyes,smile","two or more persons",Stable_diffusion,0,"少女",2025-12-19
39,"裸の女の子、黒髪ショート",E:/Pictures/Stable Diffusion/txt2img-images/2025-12-19/00008-3122617147.png,1,1,"",1,"one naked girl,short black hair,big blue eyes,smile","two or more persons",Stable_diffusion,0,"少女",2025-12-19
40,"OL 制服",E:/Pictures/Stable Diffusion/txt2img-images/2025-12-19/00009-2143728805.png,1,1,8,1,"a lady,business uniform,short black hair,big blue eyes,smile <lora:nsfwstyle:1>","two or more persons",Stable_diffusion,0,"",2025-12-19
41,"OL 制服",E:/Pictures/Stable Diffusion/txt2img-images/2025-12-19/00010-704392299.png,1,1,8,1,"a lady,formal suites,short black hair,big green eyes,smile <lora:nsfwstyle:1>","two or more persons",Stable_diffusion,0,"",2025-12-19
42,"フォーマルドレス 茶髪",E:/Pictures/Stable Diffusion/txt2img-images/2025-12-19/00011-2013870953.png,1,1,8,1,"a lady,formal dress,wavy brown hair,big green eyes,smile <lora:nsfwstyle:1>","two or more persons",Stable_diffusion,0,"",2025-12-19
43,"フォーマルドレス 金髪",E:/Pictures/Stable Diffusion/txt2img-images/2025-12-19/00012-1655912499.png,1,1,8,1,"a lady,formal dress,wavy blonde hair,big blue eyes,smile <lora:nsfwstyle:1>","two or more persons",Stable_diffusion,0,"",2025-12-19
